City_ID,City,Lat,Lng,Max Temp,Humidity,Cloudiness,Wind Speed,Country,Date
0,snagov,44.7,26.1833,265.06,79,0,1.03,RO,1739157919
1,avarua,-21.2078,-159.775,303.18,74,20,2.06,CK,1739157920
2,fort st. john,56.2499,-120.8529,257.09,66,0,1.54,CA,1739157892
3,puerto ayora,-0.7393,-90.3518,299.01,94,100,1.4,EC,1739157922
4,puerto natales,-51.7236,-72.4875,281.23,90,100,1.62,CL,1739157923
5,middelburg,-25.7751,29.4648,290.09,90,4,4.3,ZA,1739157924
6,zaozersk,69.4005,32.4476,271.25,79,23,14.88,RU,1739157925
7,port-aux-francais,-49.35,70.2167,281.5,94,96,16.2,TF,1739157926
8,isafjordur,66.0755,-23.124,273.87,99,100,1.89,IS,1739157927
9,bredasdorp,-34.5322,20.0403,291.48,56,99,3.9,ZA,1739157928
10,college,64.8569,-147.8028,256.52,85,0,0.0,US,1739157929
11,kodiak,57.79,-152.4072,276.88,93,100,13.38,US,1739157930
12,adamstown,-25.066,-130.1015,298.71,72,100,2.11,PN,1739157931
13,la ronge,55.1001,-105.2842,248.29,70,100,7.72,CA,1739157932
14,hopelchen,19.7667,-89.85,298.1,66,0,1.94,MX,1739157933
15,wailua homesteads,22.0669,-159.378,297.59,73,0,3.6,US,1739157934
16,cestos city,5.46,-9.5828,299.81,88,68,2.24,LR,1739157935
17,mount pearl,47.5166,-52.7813,269.79,95,100,11.83,CA,1739157936
18,sinop,41.7711,34.8709,271.05,98,100,1.07,TR,1739157937
19,akrehamn,59.2667,5.1833,273.29,59,2,2.57,NO,1739157938
20,motueka,-41.1333,173.0167,295.27,65,47,3.71,NZ,1739157939
21,waitangi,-43.9535,-176.5597,290.27,91,82,2.24,NZ,1739157940
22,villa gesell,-37.2639,-56.973,291.59,69,99,6.7,AR,1739157941
23,nar'yan-mar,67.6713,53.087,267.99,90,100,8.52,RU,1739157942
24,thompson,55.7435,-97.8558,252.24,77,100,3.09,CA,1739157945
25,pizhou,34.3114,117.9503,278.61,21,100,3.44,CN,1739157946
26,happy valley-goose bay,53.3168,-60.3315,252.32,65,0,4.12,CA,1739157947
27,hermanus,-34.4187,19.2345,289.71,67,10,6.15,ZA,1739157948
28,edinburgh of the seven seas,-37.0676,-12.3116,289.31,80,7,5.75,SH,1739157949
29,penzance,50.1186,-5.5371,277.53,85,95,9.48,GB,1739157950
30,stanley,54.868,-1.6985,276.16,92,75,5.14,GB,1739157951
31,okhotsk,59.3833,143.3,254.15,74,0,8.3,RU,1739157952
32,ancud,-41.8697,-73.8203,287.05,83,100,8.95,CL,1739157953
33,albany,42.6001,-73.9662,269.58,85,14,0.89,US,1739157954
34,acapulco de juarez,16.8634,-99.8901,300.05,78,0,3.6,MX,1739157854
35,grytviken,-54.2811,-36.5092,275.3,77,89,2.97,GS,1739157956
36,rongelap,11.1635,166.8941,299.67,76,18,6.22,MH,1739157957
37,udachny,66.4167,112.4,247.06,99,89,2.83,RU,1739157958
38,cabo san lucas,22.8909,-109.9124,295.32,36,0,1.03,MX,1739157905
39,uturoa,-16.7333,-151.4333,301.29,68,21,2.4,PF,1739157960
40,whakatane,-37.9585,176.9854,293.77,66,100,3.99,NZ,1739157961
41,ust-tsilma,65.441,52.1498,262.46,93,98,3.96,RU,1739157962
42,holualoa,19.6228,-155.9522,296.79,72,27,0.45,US,1739157963
43,mwanza,-2.5167,32.9,294.48,75,67,2.11,TZ,1739157965
44,hamilton,39.1834,-84.5333,274.31,77,100,3.6,US,1739157966
45,hawaiian paradise park,19.5933,-154.9731,296.97,75,100,4.12,US,1739157967
46,port mathurin,-19.6833,63.4167,300.51,82,42,5.3,MU,1739157968
47,port elizabeth,-33.918,25.5701,291.66,98,96,1.79,ZA,1739157969
48,invercargill,-46.4,168.35,290.38,58,44,4.92,NZ,1739157970
49,tongouson,5.0214,120.1328,300.91,81,100,4.19,PH,1739157971
50,utrik,11.2278,169.8474,299.98,81,6,7.18,MH,1739157972
51,ilulissat,69.2167,-51.1,258.16,78,100,3.6,GL,1739157973
52,gibraleon,37.3763,-6.969,283.21,77,100,1.79,ES,1739157975
53,milford haven,51.7128,-5.0341,279.32,85,100,8.43,GB,1739157976
54,papatowai,-46.5619,169.4708,287.7,60,80,4.43,NZ,1739157977
55,bethel,41.3712,-73.414,271.79,74,75,0.0,US,1739157978
56,kapuskasing,49.4169,-82.4331,259.2,85,100,2.57,CA,1739157979
57,kokopo,-4.352,152.2633,303.67,56,96,3.03,PG,1739157980
58,el bolson,-41.9667,-71.5167,289.82,56,30,4.29,AR,1739157981
59,la passe,45.5549,-0.8967,283.26,95,100,3.13,FR,1739157982
60,vernon,50.2581,-119.2691,264.89,79,47,0.51,CA,1739157873
61,badger,64.8,-147.5333,256.47,85,0,0.0,US,1739157984
62,yellowknife,62.456,-114.3525,246.44,76,75,2.57,CA,1739157944
63,tarifa,36.0139,-5.607,288.12,85,99,5.05,ES,1739157986
64,lorengau,-2.0226,147.2712,302.85,68,100,3.48,PG,1739157987
65,jaisalmer,26.9147,70.9181,293.74,14,100,1.14,IN,1739157988
66,torrington,41.8007,-73.1212,267.11,92,6,0.97,US,1739157989
67,lepsy,46.235,78.9456,259.31,88,5,4.56,KZ,1739157990
68,olonkinbyen,70.9221,-8.7187,272.22,98,100,11.74,SJ,1739157991
69,la romana,18.4273,-68.9728,295.35,94,20,4.12,DO,1739157992
70,vila velha,-20.3297,-40.2925,298.12,88,75,1.03,BR,1739157993
71,vorgashor,67.5833,63.95,265.61,93,100,7.82,RU,1739157995
72,dudinka,69.4058,86.1778,261.73,95,100,6.84,RU,1739157997
73,porto novo,6.4965,2.6036,301.05,88,100,1.95,BJ,1739157998
74,iqaluit,63.7506,-68.5145,249.09,69,75,2.06,CA,1739157999
75,seven pagodas,12.6264,80.1722,299.14,69,51,3.01,IN,1739158000
76,saujon,45.6667,-0.9167,282.8,96,100,2.66,FR,1739158001
77,tubarjal,30.4999,38.216,279.07,43,0,2.28,SA,1739158002
78,keflavik,64.0049,-22.5624,279.39,100,75,12.35,IS,1739158004
79,blackmans bay,-43.0167,147.3167,293.0,55,24,0.89,AU,1739158005
80,zaraza,9.3503,-65.3245,297.97,75,87,4.21,VE,1739158006
81,verkhnevilyuysk,63.4453,120.3167,248.79,91,99,1.46,RU,1739158007
82,carutapera,-1.195,-46.02,296.72,96,100,2.0,BR,1739158008
83,polyany,54.7122,39.8231,265.61,97,20,1.15,RU,1739158009
84,queenstown,-31.8976,26.8753,287.78,90,100,2.13,ZA,1739158010
85,bamboo flat,11.7,92.7167,302.2,70,40,4.63,IN,1739158011
86,anadyr,64.75,177.4833,271.43,80,75,3.0,RU,1739158012
87,nuuk,64.1835,-51.7216,265.49,100,100,1.03,GL,1739158013
88,shingu,33.7333,135.9833,281.78,37,16,5.67,JP,1739158014
89,senanga,-16.1167,23.2667,292.11,94,85,1.58,ZM,1739158015
90,lihue,21.9789,-159.3672,297.92,69,0,3.6,US,1739158016
91,sokolow podlaski,52.4068,22.2531,269.37,48,0,3.69,PL,1739158018
92,daru,-9.0763,143.2092,303.34,66,100,2.46,PG,1739158019
93,ushuaia,-54.8,-68.3,277.25,94,38,1.95,AR,1739157902
94,marsh harbour,26.5412,-77.0636,295.95,80,0,4.36,BS,1739158021
95,alice springs,-23.7,133.8833,313.9,13,20,4.63,AU,1739158022
96,ortega,3.9361,-75.2217,297.8,83,100,0.44,CO,1739158023
97,berwick-upon-tweed,55.7833,-2.0,277.44,72,100,8.17,GB,1739158024
98,chonchi,-42.6128,-73.8092,287.66,89,96,5.25,CL,1739158025
99,nogent-sur-seine,48.4167,3.75,277.74,87,99,2.71,FR,1739158026
100,namibe,-15.1961,12.1522,296.38,83,100,1.71,AO,1739158027
101,qaqortoq,60.7167,-46.0333,268.31,86,100,3.93,GL,1739158028
102,kingston,17.997,-76.7936,298.68,69,20,4.12,JM,1739158029
103,hanahan,32.9185,-80.022,293.82,86,30,0.45,US,1739158030
104,atafu village,-8.5421,-172.5159,301.63,74,9,5.27,TK,1739158031
105,hengyang,26.8881,112.615,280.25,58,100,0.35,CN,1739158032
106,lerwick,60.1545,-1.1494,277.91,72,7,2.66,GB,1739158034
107,kerikeri,-35.2268,173.9474,292.27,92,99,2.48,NZ,1739158036
108,port saint john's,-31.6229,29.5448,294.16,87,100,1.89,ZA,1739158037
109,polyarnyy,69.1989,33.4478,271.25,78,45,14.99,RU,1739158038
110,alaghsas,17.0187,8.0168,294.24,19,7,4.89,NE,1739158039
111,pimentel,-6.8367,-79.9342,298.31,69,100,1.03,PE,1739158040
112,ashburton,-37.8626,145.0794,299.92,55,52,4.47,AU,1739158041
113,biltine,14.5333,20.9167,294.52,18,1,5.13,TD,1739158042
114,cururupu,-1.8283,-44.8683,295.97,100,100,0.52,BR,1739158043
115,tekkali,18.6167,84.2333,297.33,70,5,1.5,IN,1739158045
116,yuzhno-kurilsk,44.0306,145.8556,270.96,83,100,9.18,RU,1739158046
117,fale old settlement,-9.3852,-171.2468,302.1,70,88,5.17,TK,1739158047
118,longyearbyen,78.2186,15.6401,266.06,58,75,8.23,SJ,1739158048
119,aioun,16.6614,-9.6149,294.67,16,86,5.42,MR,1739158049
120,ciudad bolivar,8.1222,-63.5497,299.07,69,42,6.94,VE,1739158050
121,west island,-12.1568,96.8225,300.14,94,75,8.23,CC,1739158051
122,hasaki,35.7333,140.8333,280.41,32,53,3.04,JP,1739158053
123,illizi,26.4833,8.4667,284.56,37,0,3.93,DZ,1739158054
124,shunyi,40.125,116.6453,274.12,18,0,2.0,CN,1739158056
125,khandyga,62.6667,135.6,240.23,93,56,0.13,RU,1739158057
126,dawson creek,55.7666,-120.2362,249.95,84,0,1.54,CA,1739158059
127,mariinsk,56.2139,87.7472,265.43,91,100,6.2,RU,1739158060
128,sitka,57.0531,-135.33,273.73,85,90,1.41,US,1739158061
129,sandnessjoen,66.0217,12.6316,277.24,70,48,4.74,NO,1739158062
130,san patricio,28.017,-97.5169,295.12,92,0,3.05,US,1739158063
131,murzuq,25.9155,13.9184,283.07,52,0,3.11,LY,1739158064
132,kavaratti,10.5669,72.642,300.33,72,59,4.19,IN,1739158065
133,tando muhammad khan,25.123,68.5358,292.19,42,39,3.55,PK,1739158067
134,enewetak,11.3474,162.3373,300.27,76,63,7.84,MH,1739158068
135,west bay,19.3667,-81.4167,298.19,83,20,3.09,KY,1739158069
136,east london,-33.0153,27.9116,293.07,85,100,4.18,ZA,1739158070
137,smara,26.7384,-11.6719,286.88,20,43,2.31,EH,1739158071
138,klyuchi,52.2667,79.1667,262.61,96,99,4.56,RU,1739158072
139,whitehorse,60.7161,-135.0538,255.58,85,75,1.54,CA,1739158073
140,taltal,-25.4,-70.4833,292.8,91,35,1.73,CL,1739158074
141,naama,33.2667,-0.3167,281.0,43,0,2.81,DZ,1739158075
142,constantia,44.1833,28.65,269.65,70,17,6.11,RO,1739158076
143,callao,-12.0667,-77.15,299.1,83,75,4.63,PE,1739158077
144,bilibino,68.0546,166.4372,250.86,95,100,1.17,RU,1739158078
145,ribeira grande,38.5167,-28.7,286.91,84,92,2.24,PT,1739158079
146,ayame,5.6083,-3.1563,297.38,91,94,1.27,CI,1739158080
147,georgetown,5.4112,100.3354,305.11,58,20,2.06,MY,1739158081
148,keene,42.9337,-72.2781,265.2,93,0,3.09,US,1739158082
149,sao joao de pirabas,-0.7747,-47.1772,296.69,95,100,1.15,BR,1739158084
150,yerofey pavlovich,53.9667,121.9667,254.06,84,85,1.52,RU,1739158085
151,tazovsky,67.4667,78.7,269.42,94,100,7.43,RU,1739158086
152,talnakh,69.4865,88.3972,255.72,97,100,4.83,RU,1739158088
153,north bend,43.4065,-124.2243,278.1,87,0,3.09,US,1739158089
154,cannonvale,-20.2833,148.7,299.81,84,100,5.15,AU,1739158090
155,rondonopolis,-16.4708,-54.6356,294.69,92,44,1.28,BR,1739158091
156,arraial do cabo,-22.9661,-42.0278,297.02,91,92,6.45,BR,1739158092
157,dunedin,-45.8742,170.5036,286.93,86,100,0.89,NZ,1739158093
158,vadso,70.0744,29.7487,273.24,80,69,10.8,NO,1739158094
159,champoton,19.35,-90.7167,297.74,77,8,3.53,MX,1739158095
160,margaret river,-33.95,115.0667,295.89,64,34,4.49,AU,1739158096
161,greymouth,-42.4667,171.2,293.19,72,100,3.81,NZ,1739158097
162,herriman,40.5141,-112.033,271.33,62,0,2.06,US,1739158098
163,kani keli,-12.9536,45.1033,299.74,72,92,1.8,YT,1739158099
164,turtas,58.9417,69.1325,270.41,91,100,4.01,RU,1739158100
165,marquette,46.5333,-87.6335,261.3,77,60,3.21,US,1739158101
166,punta arenas,-53.15,-70.9167,283.21,71,75,2.06,CL,1739158102
167,ulladulla,-35.35,150.4667,296.5,73,70,4.89,AU,1739158103
168,tiksi,71.6872,128.8694,246.0,97,54,3.02,RU,1739158104
169,saint-philippe,-21.3585,55.7679,300.11,84,47,2.74,RE,1739158105
170,andilamena,-17.0167,48.5833,292.23,95,23,0.51,MG,1739158106
171,jiuquan,39.7432,98.5174,271.83,33,0,0.63,CN,1739158107
172,morehead city,34.7229,-76.726,284.25,76,100,6.26,US,1739158108
173,opole lubelskie,51.1478,21.969,270.53,39,0,4.39,PL,1739158112
174,quellon,-43.1167,-73.6167,285.47,83,90,6.68,CL,1739158113
175,new norfolk,-42.7826,147.0587,293.66,34,1,3.29,AU,1739158114
176,sinabang,2.4803,96.3801,302.4,68,41,0.75,ID,1739158115
177,tsiombe,-25.3,45.4833,297.45,95,8,1.63,MG,1739158116
178,eyl,7.9803,49.8164,295.08,88,91,4.98,SO,1739158117
179,kyaukse,21.6,96.1333,295.15,73,0,1.03,MM,1739158118
180,nanao,37.05,136.9667,275.54,85,100,1.99,JP,1739158119
181,remire-montjoly,4.9167,-52.2667,298.17,94,75,2.06,GF,1739158120
182,puerto madero,14.7208,-92.4215,298.26,88,40,1.54,MX,1739158121
183,vilyuchinsk,52.9306,158.4028,274.3,71,89,0.88,RU,1739158122
184,aasiaat,68.7098,-52.8699,251.87,97,99,3.83,GL,1739158123
185,jincheng,35.5022,112.8328,276.74,23,0,0.9,CN,1739158124
186,karnobat,42.65,26.9833,268.64,56,0,3.82,BG,1739158125
187,vorkuta,67.5,64.0,265.61,93,100,7.89,RU,1739158126
188,chibougamau,49.9168,-74.3659,246.94,84,0,0.0,CA,1739158127
189,broken hill,-31.95,141.4333,306.7,16,0,4.81,AU,1739158129
190,luderitz,-26.6481,15.1594,289.96,72,0,9.36,NA,1739158130
191,gadzhiyevo,69.2551,33.3362,271.24,79,32,15.01,RU,1739158131
192,lebu,-37.6167,-73.65,289.69,90,98,4.6,CL,1739158132
193,beloyarskiy,63.7119,66.6722,262.69,95,99,1.9,RU,1739158133
194,sao tome,0.3365,6.7273,300.41,80,100,2.62,ST,1739158134
195,labrador city,52.9463,-66.9114,246.1,76,40,4.12,CA,1739158135
196,noumea,-22.2763,166.4572,296.64,90,100,1.93,NC,1739158136
197,slyudyanka,51.6594,103.7061,260.72,93,100,0.27,RU,1739158137
198,fisterra,42.9049,-9.2629,286.68,89,100,5.92,ES,1739158138
199,tidjikja,18.5564,-11.4271,293.09,18,91,5.18,MR,1739158139
200,kurmuk,10.55,34.2833,296.04,27,74,1.98,SD,1739158140
201,bogale,16.2833,95.4,300.97,51,15,1.42,MM,1739158141
202,tolanaro,-25.0319,46.9987,299.19,83,20,1.03,MG,1739158142
203,winnemucca,40.973,-117.7357,270.18,54,0,2.57,US,1739158143
204,chimore,-16.9833,-65.1333,295.48,99,100,1.18,BO,1739158144
205,olyokminsk,60.3736,120.4264,244.5,98,78,0.84,RU,1739158145
206,ribeira brava,32.65,-17.0667,289.66,83,96,2.96,PT,1739158146
207,saint-pierre,-21.3393,55.4781,298.97,78,0,2.57,RE,1739158147
208,castillos,-34.1667,-53.8333,292.73,82,4,2.78,UY,1739158148
209,sully-sur-loire,47.7637,2.3724,277.51,90,100,3.21,FR,1739158151
210,la baneza,42.3003,-5.8977,279.88,95,100,0.58,ES,1739158153
211,brookings,44.3114,-96.7984,259.85,82,11,3.46,US,1739158154
212,saldanha,-33.0117,17.9442,289.83,79,0,6.06,ZA,1739158155
213,port alfred,-33.5906,26.891,290.47,99,100,4.88,ZA,1739158156
214,iskateley,67.6803,53.1512,267.99,90,100,8.51,RU,1739158157
215,ndibene dahra,15.3338,-15.4766,295.94,17,67,5.08,SN,1739158158
216,eqbaliyeh,35.3022,51.5358,272.49,63,4,1.86,IR,1739158159
217,cidreira,-30.1811,-50.2056,297.71,86,0,4.73,BR,1739158160
218,atyashevo,54.5644,46.0691,259.93,97,44,0.42,RU,1739158161
219,bonny,4.4522,7.1681,300.71,81,74,3.74,NG,1739158162
220,peskovka,59.0448,52.3606,268.71,92,100,3.55,RU,1739158163
221,champerico,14.3,-91.9167,300.51,73,11,2.1,GT,1739158164
222,orcopampa,-15.2661,-72.3417,278.48,99,100,1.21,PE,1739158165
223,saipan,15.1355,145.701,303.54,75,100,7.72,MP,1739158166
224,ta`u,-14.2336,-169.5144,302.06,75,27,6.16,AS,1739158167
225,jamestown,42.097,-79.2353,267.95,93,100,3.09,US,1739158168
226,santiago de cao,-7.9589,-79.2392,296.22,83,75,2.06,PE,1739158169
227,sao miguel do tapuio,-5.5036,-41.3233,296.39,75,98,0.62,BR,1739158170
228,rudnichnyy,59.617,52.4703,267.21,96,100,3.34,RU,1739158171
229,playa del ingles,27.7567,-15.5787,288.37,62,0,1.95,ES,1739158151
230,gulf breeze,30.3571,-87.1639,293.89,98,100,3.6,US,1739158174
231,touros,-5.1989,-35.4608,299.96,68,100,5.96,BR,1739158175
232,marsa alam,25.0757,34.8918,289.32,59,86,5.46,EG,1739158176
233,chuhar jamali,24.3895,67.9923,292.52,64,90,3.04,PK,1739158177
234,san agustin de valle fertil,-30.6335,-67.4682,301.27,32,0,3.47,AR,1739158178
235,susuman,62.7833,148.1667,238.33,95,78,0.65,RU,1739158179
236,bhinmal,25.0,72.25,292.98,24,99,1.45,IN,1739158180
237,general mosconi,-23.1851,-62.303,301.52,51,3,2.8,AR,1739158181
238,warman,52.3168,-106.5679,248.1,69,40,4.63,CA,1739158182
239,basco,20.4487,121.9702,294.23,76,100,11.05,PH,1739158183
240,kirakira,-10.4544,161.9205,302.96,67,79,3.66,SB,1739158185
241,lompoc,34.6391,-120.4579,283.55,77,0,7.2,US,1739158075
242,fortuna,40.5982,-124.1573,278.66,94,75,3.6,US,1739158188
243,valley city,46.9233,-98.0032,255.44,85,6,5.66,US,1739158189
244,katabu,-4.9333,122.5167,303.79,63,98,4.22,ID,1739158191
245,santa cruz,-17.8,-63.1667,297.85,88,75,1.54,BO,1739158192
246,amahai,-3.3333,128.9167,302.38,70,100,3.82,ID,1739158193
247,amga,60.8953,131.9608,244.08,93,64,0.34,RU,1739158194
248,bakchar,57.0186,82.0711,266.44,97,99,2.85,RU,1739158195
249,cartagena del chaira,1.3349,-74.8429,295.34,95,32,0.38,CO,1739158196
250,antalaha,-14.9003,50.2788,297.57,90,94,1.87,MG,1739158197
251,molteno,-31.3968,26.3625,286.37,84,61,3.11,ZA,1739158198
252,puerto aysen,-45.4,-72.7,282.55,97,98,2.6,CL,1739158199
253,ust-nera,64.5667,143.2,238.3,95,63,1.47,RU,1739158200
254,castroville,36.7658,-121.758,283.5,81,0,3.6,US,1739157819
255,pisco,-13.7,-76.2167,296.18,83,100,3.09,PE,1739158202
256,kencong,-8.2833,113.3667,301.79,76,100,6.7,ID,1739158204
257,tallahassee,30.4383,-84.2807,291.64,97,100,2.57,US,1739158072
258,zalanga,10.6143,10.1765,291.65,18,15,1.97,NG,1739158206
259,guarapari,-20.6667,-40.4975,296.25,90,98,1.23,BR,1739158208
260,sergeyevka,53.88,67.4158,264.4,94,52,5.02,KZ,1739158209
261,puerto deseado,-47.7503,-65.8938,287.44,83,100,8.01,AR,1739158210
262,coquimbo,-29.9533,-71.3436,293.0,77,0,1.54,CL,1739158211
263,pacific grove,36.6177,-121.9166,283.2,82,0,2.57,US,1739158212
264,el tigre,8.8875,-64.2454,296.57,75,79,6.37,VE,1739158213
265,machico,32.7,-16.7667,289.66,89,75,3.6,PT,1739158214
266,luocheng,29.3848,104.0286,283.88,58,11,1.62,CN,1739158215
267,vidyayevo,69.3191,32.8049,271.34,76,37,14.63,RU,1739158216
268,huanggang,23.677,116.9996,290.09,32,0,1.98,CN,1739158217
269,horta,38.5333,-28.6333,286.49,84,80,4.02,PT,1739158218
270,le port,-20.9373,55.2919,299.13,82,27,0.84,RE,1739158219
271,huadian,42.9633,126.7478,261.77,71,97,1.92,CN,1739158220
272,broome,42.2506,-75.833,269.5,79,20,5.66,US,1739158221
273,sao joao da barra,-21.6403,-41.0511,297.56,91,98,2.88,BR,1739158222
274,carnarvon,-24.8667,113.6333,300.28,61,78,7.6,AU,1739158224
275,trincomalee,8.5711,81.2335,299.63,68,100,4.67,LK,1739158226
276,sumbawa besar,-8.5,117.4333,298.23,96,100,1.52,ID,1739158227
277,santa terezinha,-29.9002,-50.0904,297.43,85,0,5.36,BR,1739158228
278,talara,-4.5772,-81.2719,298.57,83,75,2.06,PE,1739158229
279,sweet home,44.3976,-122.7362,274.94,90,14,0.89,US,1739158230
280,tibanbang,6.6315,126.1055,299.35,84,100,3.45,PH,1739158231
281,ciudad insurgentes,25.2625,-111.7753,287.95,90,63,1.96,MX,1739158232
282,maputo,-25.9653,32.5892,296.97,73,40,5.66,MZ,1739158233
283,gaalkacyo,6.7697,47.4308,294.6,85,93,2.95,SO,1739158234
284,nemuro,43.3236,145.575,271.63,68,100,6.08,JP,1739158235
285,christchurch,-43.5333,172.6333,292.22,78,100,3.6,NZ,1739158236
286,bikenibeu village,1.3673,173.1241,303.13,66,20,6.69,KI,1739158237
287,adam,22.3756,57.5233,293.38,56,0,1.05,OM,1739158238
288,kafue,-15.7691,28.1814,291.31,95,98,0.56,ZM,1739158239
289,manaure,11.7751,-72.4445,298.18,83,1,5.88,CO,1739158240
290,dapa,9.7594,126.0531,298.54,92,100,5.5,PH,1739158241
291,cadale,2.7603,46.3222,297.7,82,57,7.03,SO,1739158242
292,tongliao,43.6125,122.2653,268.25,38,27,2.99,CN,1739158243
293,kudymkar,59.0173,54.656,269.0,91,100,3.64,RU,1739158246
294,vila franca do campo,37.7167,-25.4333,288.38,88,72,9.18,PT,1739158248
295,labytnangi,66.6572,66.4183,262.51,89,100,3.67,RU,1739158249
296,bel ombre,-4.6167,55.4167,300.06,78,20,1.03,SC,1739158250
297,hithadhoo,-0.6,73.0833,301.12,72,27,4.03,MV,1739158251
298,igarka,67.4667,86.5833,261.68,96,100,4.61,RU,1739158252
299,pangody,65.85,74.4859,264.52,90,100,5.67,RU,1739158253
300,goz beida,13.95,20.55,293.05,18,1,3.39,TD,1739158254
301,copiapo,-27.3667,-70.3333,291.94,75,99,1.09,CL,1739158255
302,matthew town,20.95,-73.6667,297.32,77,0,7.95,BS,1739158256
303,nova xavantina,-14.6667,-52.35,293.84,96,33,0.9,BR,1739158257
304,kalianget,-7.05,113.9333,302.92,70,100,6.8,ID,1739158258
305,tura,25.5198,90.2201,296.2,26,0,1.78,IN,1739158259
306,portland,45.5234,-122.6762,278.49,82,90,0.45,US,1739158164
307,pesca,5.55,-73.05,287.07,96,95,1.61,CO,1739158261
308,st. john's,47.5649,-52.7093,270.25,94,100,11.83,CA,1739158259
309,nzerekore,7.7562,-8.8179,292.29,96,56,0.72,GN,1739158264
310,kittila,67.6647,24.8936,271.23,74,0,4.63,FI,1739158167
311,klaksvik,62.2266,-6.589,279.21,85,52,6.27,FO,1739158266
312,sol'-iletsk,51.1631,54.9918,262.52,94,3,3.76,RU,1739158267
313,quatre cocos,-20.2078,57.7625,300.98,72,37,1.84,MU,1739158268
314,detroit lakes,46.8172,-95.8453,255.18,85,75,2.06,US,1739158269
315,tostado,-29.232,-61.7692,302.72,23,48,4.36,AR,1739158270
316,sansanne-mango,10.3592,0.4708,299.13,19,53,2.26,TG,1739158271
317,cooma,-36.2333,149.1333,289.28,92,83,1.68,AU,1739158272
318,likiep,9.8251,169.3107,300.36,80,9,7.32,MH,1739158273
319,port douglas,-16.4833,145.4667,298.63,89,100,0.47,AU,1739158274
320,aripuana,-9.1667,-60.6333,296.04,97,100,0.75,BR,1739158275
321,harper,4.375,-7.7169,299.74,85,99,1.97,LR,1739158276
322,tual,-5.6667,132.75,301.76,83,100,8.1,ID,1739158277
323,boa vista,2.8197,-60.6733,300.14,69,75,2.06,BR,1739158278
324,dzhalagash,45.0833,64.6667,268.9,56,100,7.09,KZ,1739158279
325,coahuayana de hidalgo,18.7,-103.6583,295.43,81,0,1.69,MX,1739158280
326,kuqa,41.7278,82.9364,270.73,58,54,0.4,CN,1739158281
327,lake charles,30.2131,-93.2044,293.14,97,75,3.09,US,1739158282
328,vilyuysk,63.7553,121.6247,249.91,91,100,2.27,RU,1739158283
329,sosnogorsk,63.6023,53.8817,265.34,93,27,2.94,RU,1739158284
330,ravar,31.2656,56.8055,271.88,85,39,0.92,IR,1739158285
331,suntar,62.1444,117.6319,254.6,95,100,2.16,RU,1739158286
332,monrovia,6.3005,-10.7969,299.38,89,71,2.57,LR,1739158288
333,afaahiti,-17.75,-149.2833,299.8,69,6,1.58,PF,1739158289
334,north haven,41.3909,-72.8595,271.46,86,0,0.0,US,1739158205
335,luganville,-15.5333,167.1667,302.93,74,79,2.7,VU,1739158291
336,zvishavane,-20.3267,30.0665,293.29,97,97,1.62,ZW,1739158292
337,pala,9.3642,14.9046,295.15,18,25,2.18,TD,1739158293
338,kristiansund,63.1115,7.732,277.51,70,97,3.09,NO,1739158294
339,canutama,-6.5339,-64.3831,295.87,100,94,1.07,BR,1739158295
340,island harbour,50.724,-1.2758,277.55,92,99,3.13,GB,1739158296
341,loen,7.7601,168.2307,300.81,77,23,6.81,MH,1739158297
342,zouerate,22.7187,-12.4521,286.83,15,0,3.63,MR,1739158298
343,kununurra,-15.7667,128.7333,301.14,89,100,4.63,AU,1739158299
344,plouzane,48.3833,-4.6167,276.18,93,100,2.06,FR,1739158300
345,raduzhny,62.0961,77.475,266.66,96,97,4.97,RU,1739158301
346,port-vila,-17.7338,168.3219,304.93,66,75,2.06,VU,1739158302
347,trevelin,-43.0858,-71.4639,288.03,91,55,4.18,AR,1739158303
348,pasighat,28.0667,95.3333,295.19,44,83,1.59,IN,1739158304
349,crane,31.3974,-102.3501,281.92,61,36,6.53,US,1739158305
350,shenjiamen,29.9576,122.298,279.42,52,1,2.37,CN,1739158306
351,batticaloa,7.7102,81.6924,299.86,68,99,2.5,LK,1739158307
352,colchani,-20.3,-66.9333,283.11,60,2,5.51,BO,1739158308
353,satara,17.6833,73.9833,299.94,37,5,2.0,IN,1739158309
354,mundemba,4.9479,8.8724,298.62,90,80,0.35,CM,1739158310
355,taro,-8.3862,115.28,295.34,96,100,1.87,ID,1739158313
356,trinitapoli,41.3572,16.0874,280.15,73,90,2.77,IT,1739158314
357,naze,28.3667,129.4833,286.66,61,59,4.53,JP,1739158305
358,san fernando,15.0286,120.6898,302.0,58,59,7.1,PH,1739158316
359,konnern,51.6667,11.7667,271.87,87,100,1.83,DE,1739158317
360,arkhangel'sk,64.5401,40.5433,268.21,86,100,6.0,RU,1739158318
361,kulebaki,55.4133,42.5325,263.98,98,67,1.0,RU,1739158319
362,freetown,8.484,-13.2299,297.5,85,3,2.07,SL,1739158320
363,santa maria,-29.6842,-53.8069,297.76,73,0,2.57,BR,1739158098
364,petropavlovsk-kamchatsky,53.0452,158.6483,273.48,44,75,2.0,RU,1739158208
365,mahina,-17.5065,-149.489,303.02,70,20,4.63,PF,1739158325
366,huilong,31.8111,121.655,278.45,34,86,3.46,CN,1739158326
367,pariaman,-0.619,100.12,303.18,58,61,1.87,ID,1739158327
368,guerrero negro,27.9769,-114.0611,288.44,84,100,2.74,MX,1739158328
369,minas de marcona,-15.2119,-75.1103,291.38,91,99,1.99,PE,1739158329
370,westport,41.1415,-73.3579,273.01,83,40,0.45,US,1739158206
371,kapa'a,22.0752,-159.319,298.33,72,0,3.6,US,1739158331
372,rio grande,-32.035,-52.0986,296.71,86,0,3.67,BR,1739158332
373,sinton,28.0367,-97.5092,295.13,93,0,2.72,US,1739158333
374,mariental,-24.6333,17.9667,299.46,37,61,3.47,NA,1739158334
375,nuriootpa,-34.4833,139.0,304.63,18,0,3.97,AU,1739158335
376,forres,57.6113,-3.6108,270.13,98,20,0.0,GB,1739158336
377,nerva,37.6963,-6.5497,280.85,86,100,1.26,ES,1739158337
378,malango,-2.9627,119.9001,303.03,49,100,2.17,ID,1739158338
379,grand falls-windsor,48.9332,-55.6649,265.1,86,100,0.45,CA,1739158339
380,nurlat,54.4277,50.8051,256.4,98,30,1.11,RU,1739158340
381,sibiti,-3.6819,13.3499,294.81,97,91,0.6,CG,1739158341
382,moyale,3.5167,39.0584,293.48,58,97,1.98,KE,1739158342
383,atar,20.5169,-13.0499,289.93,15,0,3.99,MR,1739158343
384,priargunsk,50.3691,119.1012,244.13,93,67,1.63,RU,1739158345
385,dryden,49.7833,-92.7503,258.31,78,100,4.12,CA,1739158346
386,rustaq,23.3908,57.4244,293.36,74,3,0.47,OM,1739158347
387,coyhaique,-45.5752,-72.0662,280.59,96,92,2.75,CL,1739158348
388,esmeraldas,-19.7625,-44.3139,291.61,87,100,1.77,BR,1739158349
389,makokou,0.5738,12.8642,295.24,90,87,1.12,GA,1739158350
390,galveston,29.3669,-94.9669,294.27,91,0,4.63,US,1739158351
391,newnham,-41.3833,147.1333,295.68,43,0,9.26,AU,1739158352
392,fort bragg,35.139,-79.006,287.31,73,100,5.14,US,1739158353
393,penaflor,-33.6167,-70.9167,296.63,75,9,1.38,CL,1739158354
394,lys'va,58.1086,57.8053,264.79,99,100,1.99,RU,1739158355
395,hadibu,12.65,54.0333,297.03,75,43,3.28,YE,1739158356
396,berezovyy,51.6667,135.7,267.94,67,100,1.38,RU,1739158357
397,caleta de carquin,-11.0925,-77.6267,295.91,80,100,2.04,PE,1739158358
398,palikir - national government center,6.9248,158.1611,303.62,77,100,6.69,FM,1739158360
399,cascais,38.6979,-9.4215,286.79,70,72,1.34,PT,1739158361
400,campoverde,-8.4753,-74.8058,297.98,93,100,1.01,PE,1739158362
401,quepos,9.4236,-84.1652,298.58,75,78,1.85,CR,1739158363
402,monte santo,-10.4378,-39.3328,294.35,85,100,2.8,BR,1739158364
403,tindouf,27.6711,-8.1474,283.4,25,0,2.57,DZ,1739158366
404,nouadhibou,20.931,-17.0347,290.14,55,0,5.66,MR,1739158367
405,mersa matruh,31.3525,27.2453,285.89,67,64,5.41,EG,1739158368
406,at taj,24.2049,23.2857,281.75,57,1,4.69,LY,1739158201
407,zakamensk,50.3741,103.2863,260.31,90,100,1.23,RU,1739158370
408,pandan,14.0453,124.1694,297.94,91,100,8.06,PH,1739158371
409,petropavlovka,50.6114,105.3196,255.35,89,100,1.09,RU,1739158372
410,taoudenni,22.6783,-3.9836,287.02,20,0,4.7,ML,1739158373
411,katsuren-haebaru,26.3369,127.8719,291.36,49,75,0.0,JP,1739158374
412,bafata,12.1667,-14.75,295.22,54,38,1.4,GW,1739158375
413,sangin,32.0728,64.8359,282.71,80,15,2.37,AF,1739158376
414,tralee,52.2704,-9.7026,278.14,93,100,3.82,IE,1739158377
415,puerto leguizamo,-0.1934,-74.7819,296.37,90,95,0.74,CO,1739158378
416,loango,-4.6719,11.8312,298.96,94,75,1.54,CG,1739158379
417,ebersberg,48.0771,11.9706,272.31,94,44,0.64,DE,1739158380
418,rikaze,29.25,88.8833,275.69,18,0,0.64,CN,1739158381
419,mahdia,35.5047,11.0622,284.83,80,23,7.79,TN,1739158382
420,krasnyy chikoy,50.3643,108.7512,258.05,88,100,0.7,RU,1739158383
421,nadym,65.5333,72.5167,263.07,89,92,5.24,RU,1739158385
422,onguday,50.75,86.15,260.57,88,100,0.5,RU,1739158386
423,gebeit,21.0667,36.3167,285.19,85,58,2.28,SD,1739158387
424,garhdiwala,31.7325,75.7506,292.09,25,100,0.82,IN,1739158388
425,jayapura,-2.5333,140.7,305.81,71,88,3.09,ID,1739158389
426,san juanito,28.0,-107.5833,280.23,24,76,2.19,MX,1739158390
427,fortaleza,-3.7227,-38.5247,301.6,78,75,5.66,BR,1739158391
428,sona,45.4388,10.8255,280.29,95,75,1.54,IT,1739158392
429,qui nhon,13.7667,109.2333,293.93,87,99,6.67,VN,1739158393
430,katsuura,35.1333,140.3,280.72,49,76,4.36,JP,1739158332
431,yaren,-0.5472,166.916,300.28,69,69,4.97,NR,1739158395
432,standerton,-26.9337,29.2415,289.72,93,96,2.92,ZA,1739158396
433,al wafrah,28.6392,47.9306,281.99,49,57,1.68,KW,1739158397
434,helena valley west central,46.6629,-112.0604,260.64,82,75,2.06,US,1739158398
435,tremonton,41.7119,-112.1655,270.75,74,1,2.24,US,1739158149
436,nova sintra,14.8667,-24.7167,294.74,74,79,9.38,CV,1739158400
437,plastun,44.7561,136.2939,266.82,36,75,4.47,RU,1739158401
438,burla,21.5,83.8667,296.98,18,4,0.27,IN,1739158402
439,kruisfontein,-34.0033,24.7314,290.75,76,100,0.71,ZA,1739158403
440,saint-francois,46.4154,3.9054,277.4,94,100,1.03,FR,1739158405
441,mount gambier,-37.8333,140.7667,300.57,40,2,5.26,AU,1739158406
442,kiunga,-6.1219,141.2906,304.16,61,100,1.17,PG,1739158407
443,enoch,37.7733,-113.0244,272.86,46,0,0.0,US,1739158408
444,dolinsk,47.35,142.8,268.21,84,100,1.7,RU,1739158409
445,dayton,39.7589,-84.1916,273.14,83,100,2.57,US,1739158249
446,midoun,33.8081,10.9923,286.07,65,46,7.25,TN,1739158412
447,peniche,39.3558,-9.3811,286.18,96,47,3.42,PT,1739158413
448,ibshaway,29.358,30.6814,283.43,77,2,3.25,EG,1739158414
449,sao vicente,-23.9631,-46.3919,298.7,26,6,1.25,BR,1739158415
450,veselynove,47.3567,31.2349,268.31,76,0,3.77,UA,1739158416
451,qarah zia' od din,38.8915,45.0255,268.8,67,17,1.92,IR,1739158417
452,aldinga beach,-35.2793,138.4604,304.86,35,0,2.01,AU,1739158418
453,huarmey,-10.0681,-78.1522,296.59,77,100,1.44,PE,1739158419
454,sisimiut,66.9395,-53.6735,252.71,97,94,2.45,GL,1739158420
455,fort mcmurray,56.7268,-111.381,242.92,76,100,2.06,CA,1739158218
456,ouallam,14.3188,2.0866,296.37,17,7,4.44,NE,1739158422
457,iquique,-20.2208,-70.1431,295.49,85,7,0.53,CL,1739158423
458,olavarria,-36.8927,-60.3225,293.55,59,93,7.22,AR,1739158424
459,kourou,5.1552,-52.6478,296.97,88,96,2.23,GF,1739158427
460,prineville,44.2999,-120.8345,268.7,77,0,0.0,US,1739158428
461,hakui,36.8833,136.7833,277.18,75,100,2.84,JP,1739158429
462,springbok,-29.6643,17.8865,288.9,44,0,1.82,ZA,1739158430
463,flying fish cove,-10.4217,105.6791,301.97,78,63,3.6,CX,1739158431
464,northam,51.0333,-4.2167,277.48,85,100,3.13,GB,1739158432
465,mbandaka,0.0487,18.2603,297.94,75,100,0.29,CD,1739158433
466,collie,-33.3667,116.15,301.39,40,8,4.85,AU,1739158434
467,masterton,-40.9597,175.6575,298.04,49,26,4.13,NZ,1739158435
468,ngaoundere,7.3167,13.5833,292.1,21,47,1.72,CM,1739158436
469,kedrovka,55.5333,86.05,263.64,94,100,4.3,RU,1739158437
470,toliara,-23.35,43.6667,299.79,86,47,1.3,MG,1739158438
471,an nuhud,12.7,28.4333,290.17,21,21,7.66,SD,1739158439
472,korocha,50.8107,37.1953,264.38,94,93,3.15,RU,1739158440
473,conception bay south,47.4999,-52.9981,270.12,95,100,12.77,CA,1739158441
474,itoman,26.1247,127.6694,291.36,55,75,3.09,JP,1739158442
475,pokaran,26.9167,71.9167,296.01,11,63,0.3,IN,1739158443
476,betio village,1.358,172.9211,303.17,74,100,6.03,KI,1739158445
477,chauk,20.8833,94.8167,298.84,17,0,2.15,MM,1739158446
478,jinchang,38.4953,102.1739,275.81,22,0,1.39,CN,1739158447
479,colonia,50.9333,6.95,275.28,84,98,0.51,DE,1739158448
480,rio viejo,8.5874,-73.839,299.44,62,85,1.33,CO,1739158449
481,turpan,42.9333,89.1667,274.95,27,5,1.66,CN,1739158450
482,galle,6.0367,80.217,299.79,74,98,2.74,LK,1739158451
483,narasannapeta,18.4167,84.05,299.9,60,8,1.14,IN,1739158452
484,banda aceh,5.5577,95.3222,302.68,61,60,4.51,ID,1739158453
485,belel,7.05,14.4333,291.31,21,39,2.06,CM,1739158454
486,rio preto da eva,-2.6994,-59.6997,295.37,99,100,1.31,BR,1739158455
487,baley,51.6,116.6333,254.73,87,82,1.13,RU,1739158456
488,kuybyshev,55.4475,78.3218,269.38,96,100,4.69,RU,1739158457
489,djamaa,33.5339,5.9931,284.75,57,0,3.27,DZ,1739158458
490,talakan,50.3167,130.3667,259.24,85,100,2.18,RU,1739158459
491,nagqu,31.5,92.0,269.5,17,5,6.32,CN,1739158461
492,novyy urgal,51.0736,132.5642,258.75,83,100,0.88,RU,1739158462
493,pitimbu,-7.4706,-34.8086,300.02,71,100,4.5,BR,1739158463
494,coronel du graty,-27.6804,-60.9146,303.13,40,93,3.2,AR,1739158465
495,darwin,-12.4611,130.8418,303.14,84,75,4.63,AU,1739158208
496,tol'yatti,53.5303,49.3461,257.62,100,90,1.33,RU,1739158467
497,sarangani,5.4033,125.4636,300.68,84,61,10.68,PH,1739158468
498,abuja,9.0574,7.4898,292.23,15,55,2.17,NG,1739158469
499,kirensk,57.7853,108.1119,262.05,89,100,3.69,RU,1739158470
500,pyhajarvi,67.0701,27.2176,259.94,96,39,1.85,FI,1739158471
501,fort saskatchewan,53.7168,-113.2187,250.8,94,100,2.91,CA,1739158472
502,tregunc,47.85,-3.85,275.48,86,19,4.02,FR,1739158473
503,diego de almagro,-26.3667,-70.05,292.32,61,22,1.92,CL,1739158474
504,fada,7.25,4.0667,297.21,94,100,0.75,NG,1739158475
505,taulaga,-11.0553,-171.0883,301.9,72,10,4.52,AS,1739158476
506,mahibadhoo,3.7833,72.9667,300.21,69,28,6.81,MV,1739158477
507,yabelo,4.8833,38.0833,291.43,53,99,4.22,ET,1739158478
508,aykhal,66.0,111.5,249.3,100,99,3.28,RU,1739158479
509,brainerd,46.358,-94.2008,259.16,77,0,4.12,US,1739158480
510,merizo village,13.2658,144.6691,302.46,82,91,8.09,GU,1739158481
511,beira,-19.8436,34.8389,300.2,78,75,2.06,MZ,1739158482
512,haiku-pauwela,20.9219,-156.3051,298.16,73,20,8.49,US,1739158483
513,aitape,-3.1374,142.3475,302.03,74,51,2.15,PG,1739158485
514,ilhabela,-23.7781,-45.3581,297.23,90,99,2.02,BR,1739158486
515,chunskiy,56.0815,99.6342,264.3,90,100,4.81,RU,1739158487
516,kone,-21.0595,164.8658,297.92,96,100,1.17,NC,1739158488
517,hlusk,52.903,28.6845,264.68,96,6,1.6,BY,1739158489
518,toropets,56.4978,31.6353,264.04,93,10,0.84,RU,1739158490
519,puerto tirol,-27.3722,-59.0821,302.09,65,0,1.54,AR,1739158491
520,pokhara,28.2333,83.9833,290.98,30,0,2.42,NP,1739158492
521,fukuecho,32.6881,128.8419,278.35,70,75,4.12,JP,1739158493
522,prado,-17.3411,-39.2208,297.07,90,61,1.25,BR,1739158494
523,paysandu,-32.3214,-58.0756,299.64,43,1,3.15,UY,1739158495
524,pestovo,58.5938,35.8024,261.25,98,42,1.05,RU,1739158496
525,huetamo de nunez,18.5833,-100.8833,300.97,37,0,1.16,MX,1739158497
526,weno,7.4515,151.8468,302.12,79,100,6.69,FM,1739158498
527,ash shatrah,31.4117,46.1742,281.34,58,4,1.91,IQ,1739158499
528,alofi,-19.0595,-169.9187,303.09,74,75,3.6,NU,1739158500
529,itamaraca,-7.7478,-34.8256,299.44,75,100,3.45,BR,1739158501
530,forster,-32.1667,152.5167,301.14,75,100,4.31,AU,1739158502
531,lindi,-10.0,39.7167,296.25,94,91,1.3,TZ,1739158503
532,nishinoomote,30.7333,131.0,282.46,71,75,6.17,JP,1739158504
533,necochea,-38.5473,-58.7368,290.49,65,81,7.9,AR,1739158506
534,egilsstadir,65.2653,-14.3948,281.1,61,0,7.2,IS,1739158507
535,florence,43.7667,11.25,281.54,92,40,1.03,IT,1739158508
536,vacaria,-28.5122,-50.9339,291.11,84,0,2.31,BR,1739158509
537,kili,5.6439,169.1211,300.88,76,33,5.94,MH,1739158510
538,umba,66.6871,34.3429,268.26,86,74,7.48,RU,1739158512
539,kaihua,23.3687,104.28,284.86,77,96,4.49,CN,1739158514
540,port macquarie,-31.4333,152.9167,298.75,81,100,2.24,AU,1739158515
541,sandur,15.1,76.55,299.54,44,68,3.43,IN,1739158516
542,phongsali,21.6833,102.1058,294.76,47,11,0.79,LA,1739158517
543,'ain deheb,34.8422,1.547,278.4,64,5,1.09,DZ,1739158518
544,san giorgio del sannio,41.0696,14.8522,277.97,89,47,1.54,IT,1739158519
545,quang ngai,15.1167,108.8,291.88,92,100,2.02,VN,1739158520
546,ebeltoft,56.1944,10.6821,275.16,69,100,7.2,DK,1739158521
